timestamp,RSI,ATR,VOL_RATIO,EMA_FAST_SLOPE,PRICE_VS_EMA_SLOW,MACD_HIST,label
2021-04-18,43.350250485589925,2990.500683343685,1.5404261777997579,1103.7603266196966,0.5689089147443289,-303.172350943762,0
2021-04-19,42.219339471147265,3001.9978444582266,1.0238851497555161,770.850914301278,0.5466363264531923,-585.7107342989509,0
2021-04-20,44.5889192668104,3045.7195389691083,1.061191494720802,472.34772280907055,0.558618552142379,-696.8031873335974,0
2021-04-21,38.725621235084674,3046.91842235561,0.8636286951289981,153.16941137539106,0.4805866889711977,-904.625523968743,0
2021-04-22,34.629965867951626,3174.0255337274025,1.1614092105597391,-202.70181554129522,0.4157639094181366,-1133.1172138199775,0
2021-04-23,33.442025204276376,3262.032918067331,1.318060319860917,-395.63630316712806,0.3919710449536057,-1265.8600200336668,0
2021-04-24,31.620199834124016,3197.7646623600153,0.7463990794654143,-602.6073672586208,0.3586469565302731,-1352.6238090091276,0
2021-04-25,29.86184355721048,3208.3911262705506,0.7101661166587452,-871.8689349641645,0.3258795491294906,-1403.1819382787035,1
2021-04-26,45.50668922689385,3367.4494060489737,0.9029315291932173,-833.142150749889,0.4549519699868183,-1038.20104257825,1
2021-04-27,48.02337778095715,3276.758544005461,0.7819145081850379,-672.2015271910641,0.4751132472321904,-685.197254152497,0
2021-04-28,47.5361691427948,3209.7964378746155,0.7620678307471368,-499.5249660757254,0.4626933248844913,-434.4871637442625,0
2021-04-29,44.56979867586532,3173.2264354590006,0.7320472249035378,-342.5144894649129,0.42275054945657803,-327.76714312625074,1
2021-04-30,54.64179988329263,3287.361489630383,0.8361031169924393,13.894779729787842,0.5260853702093609,32.59714382020104,0
2021-05-04,44.00896101595563,3077.680223599132,1.134159429338864,282.8901261966457,0.3830191480868926,184.29988300260732,1
2021-05-05,53.124008021308576,3210.867964690074,1.1375548525912158,259.0054950222693,0.4818794918769115,303.8576472052978,0
2021-05-07,52.882695181206905,3200.888724154283,1.135931902532719,213.596623817175,0.46654968811583825,351.2473368761657,0
2021-05-10,48.76958027098031,3286.2629658135916,1.2193419224669002,370.7203491221735,0.4085775103976054,300.8355316663559,0
2021-05-11,50.71644217730527,3213.2363699125904,1.0358934424211637,368.26302538208256,0.42378953992661184,234.2246535378082,0
2021-05-12,37.12889856281196,3611.49292449865,1.270425001366502,32.02262487690314,0.23124771510806796,-301.62851428668284,0
2021-05-13,38.45849047097859,3664.3023027396484,1.6199152484037382,-325.60908345160715,0.24238385198206397,-584.6358918938139,0
2021-05-14,38.86302586065118,3586.10492832656,0.9282823594887225,-640.3609331201733,0.24344100557247947,-718.6070350015018,0
2021-05-15,34.258441324807926,3613.920536161081,0.9747126459326415,-972.0961661350739,0.16373758141447367,-960.1256460548802,0
2021-05-16,33.83762449041796,3766.975598496366,1.0502392471760373,-1335.8773213846725,0.15437481392846458,-1074.4792998086232,0
2021-05-17,30.025949120341306,3813.3537366025535,1.2031389415781293,-1503.6085416244896,0.08097218143270625,-1267.53090577081,0
2021-05-18,29.261984749128377,3787.015969674762,0.8966137410025077,-1711.576405188236,0.064684554897653,-1350.7294496576033,0
2021-05-19,23.266537083277402,4435.416336311285,1.8950025359029516,-2149.479046161243,-0.08113258961001124,-1694.5182060121122,0
2021-05-20,32.761290646295215,4648.055683016962,1.2892778560851537,-2299.595523517659,0.01261368420726257,-1561.5375722274975,0
2021-05-21,29.18338582840203,4927.174473750016,1.1649316249374129,-2568.2924515169652,-0.07306420631222604,-1596.3496671415915,0
2021-05-22,29.7344948136489,4821.474232239065,0.8036629257583485,-2702.9036850359043,-0.06667598445156665,-1494.1048974790078,0
2021-05-23,27.03266640127668,4981.50313764137,1.0788748824879002,-2916.0768861129254,-0.13428524776437328,-1499.2348703717971,1
2021-05-24,35.94990201552212,5003.114241663651,0.9268955317030003,-2734.9154763633996,-0.03595383207975239,-1140.3084371809928,0
2021-05-25,35.588381099142545,4873.957643964226,0.7804957901332094,-2721.017442976605,-0.04310513494508448,-839.9480731713088,1
2021-05-26,37.57362781066037,4731.263682705529,0.7220549170401589,-2536.2909623696833,-0.020675677999522798,-513.8177873926443,0
2021-05-27,36.412112378731024,4617.010194147233,0.6186180930807161,-2401.5212800218505,-0.04163943036242216,-299.09091397649354,0
2021-05-28,32.91090092259357,4578.5044436531925,0.7960610038690626,-2270.9901146288394,-0.10896606756863864,-284.8775091057132,0
2021-05-29,31.618231990887907,4504.3662913935705,0.6621639477527927,-2342.3204655257505,-0.13479143818009537,-290.63938976860027,0
2021-05-30,34.34535993269824,4388.335105351189,0.47730671029809235,-2357.2919668776813,-0.10728428049357729,-171.1572752787797,0
2021-05-31,38.463124180839856,4305.33293261433,0.5984351344511791,-2341.76458582365,-0.0652680076172264,58.77443706633949,0
2021-06-01,37.47208630746436,4148.498325762195,0.5484598603592813,-2318.6382478991945,-0.08074535110945735,198.79631599653294,1
2021-06-02,39.76844874921589,4013.9649631613515,0.5514098378793152,-2154.080896265892,-0.057889472312267744,372.8344613757363,0
2021-06-03,43.84390450254601,3886.894642091272,0.6014244128240689,-1889.5012839123228,-0.01676544761944859,605.6579249164906,0
2021-06-04,39.741231107845465,3861.02800470206,0.7200490641876897,-1767.7060436118409,-0.07411328145495659,609.7928326921692,0
2021-06-05,37.546511389935446,3800.761774438842,0.6343137512978693,-1768.2233923917738,-0.10684477398229383,531.0086198480749,0
2021-06-06,38.3937421454753,3610.124772644326,0.5315865039417645,-1731.1380387685713,-0.09815739331780186,508.6544029700717,0
2021-06-07,34.64129249196394,3588.6822665574828,0.6323760253230659,-1820.6805727874453,-0.15472587619426106,354.98421224797903,0
2021-06-08,34.50233148721343,3539.7009160336183,1.0092870119381787,-1974.2277194428461,-0.15562554732268938,267.520908687663,1
2021-06-09,44.957337509358744,3648.4012691517487,1.1308576075322414,-1879.1319326509692,-0.057395455853069655,478.2838821477312,0
2021-06-10,43.71061748945565,3565.4247833929476,0.9513660826600845,-1760.317322547009,-0.07293393715971273,575.6931593887075,0
2021-06-11,45.316452416257626,3422.4834483931472,0.8624902662344387,-1633.5590145549722,-0.0564404428479549,676.9604540173041,0
2021-06-12,41.70297674937989,3369.5013717134984,0.8852008131600201,-1491.3877357979218,-0.10056616227431091,619.7587023236688,1
2021-06-13,50.20996037814433,3447.2992648172667,0.9797899646868847,-1212.3048221391728,-0.01076640515476115,804.7888311953102,0
2021-06-14,52.566103314076365,3359.7120405321907,1.0561518265663175,-1052.0828499474374,0.01740882487148749,975.370963736947,0
2021-06-15,52.96776601215941,3240.146950567726,1.1431137841797496,-865.582664655376,0.02193410488628748,1066.2014447049069,0
2021-06-16,48.15273563583148,3175.9037531978943,0.9703797880234386,-791.9259302571154,-0.029855268207207998,956.455272248998,0
2021-06-17,47.48995681946384,3097.1960632283985,0.9390761167842837,-662.7920396097761,-0.03692475780633477,837.2442183176936,0
2021-06-18,42.61360401930764,3085.3539337108364,0.9269951568063262,-766.628166732924,-0.09342976859454266,590.54869599065,0
2021-06-19,42.2602191698554,2973.8811080777264,0.7995731960881035,-917.0586491649665,-0.09689249201939049,409.22511271477106,0
2021-06-20,42.507171780277915,2949.133182944926,0.9422141994498537,-1065.7219435604566,-0.09394774492088492,293.6449423544598,0
2021-06-21,34.707406763146,3054.6026040381153,1.3261567903592584,-1285.5120297198591,-0.19444818163378405,-37.24846512217346,0
2021-06-22,37.262852394054164,3150.618991703629,1.4341049464486781,-1452.662293260255,-0.1719387581479091,-176.11309680371664,1
2021-06-23,40.919761030394554,3138.4874454203446,1.1118257407297225,-1476.6448994069142,-0.1397207600745122,-162.15009564964475,0
2021-06-24,43.64940610592152,3117.426679228183,0.8035124213600087,-1456.126808989,-0.11473662328937168,-70.4986540992154,0
2021-06-25,37.6222260758672,3190.2077255825207,0.9708981844987321,-1558.2597803276658,-0.19043855620973482,-187.77502441217462,0
2021-06-26,39.2601473460532,3137.5561692878455,0.9204443950518012,-1477.1678679863835,-0.17495518054589776,-201.3970168808446,1
2021-06-27,46.10480803962852,3098.042949604434,0.8452783298132711,-1335.1618976731988,-0.11082137017271532,-26.67486647011833,0
2021-06-28,45.62090430357017,2970.8839107870167,0.8224085846089304,-1254.9081529115065,-0.1153224443595829,86.0524869579449,1
2021-06-29,49.42663352717636,2922.2225600142465,0.9379756398838998,-1158.427839316937,-0.07777456112244922,259.0365907312307,0
2021-06-30,47.367130401592874,2855.535624921055,0.8529285809493982,-979.5460950054985,-0.09814799954040694,315.8775984758404,0
2021-09-07,47.848657521507725,2547.589555676744,1.8060363966909079,1124.1036833505277,0.15335289445477032,-231.85635327884575,0
2021-09-08,45.99314750624035,2563.6660271462665,1.3354742686730119,925.7472889054043,0.1340892743973283,-477.04233984358666,0
2021-09-10,42.94140897359991,2508.0607660725345,1.0633018674202008,451.29424621756334,0.1016993122315423,-757.9234889580448,1
2021-09-11,44.017578476710305,2411.1298073351923,0.925422204904799,142.1423885227632,0.1082862023294228,-807.831752142989,0
2021-09-12,46.942384029702595,2351.3646760076676,0.754404023067226,107.24035858068964,0.12796431131134475,-751.8304778511723,0
2021-09-13,43.796610158328356,2398.2214402214136,1.1001776681686564,58.787152116747166,0.0999178699886182,-755.8800178607739,1
2021-09-14,50.68499285058593,2403.0479779734565,1.0296346319703784,83.97472703373205,0.15026935172101988,-589.5267832146809,0
2021-09-20,38.59316752014238,2310.0888928767426,1.1662478692591767,217.14011525014212,0.03767731824237589,-392.1416641572761,0
2021-09-21,34.36598802781872,2417.9396862426993,1.2772846814412988,-69.40199098515586,-0.014257504225679526,-683.6612227047067,1
2021-09-22,43.32340741794803,2484.728871600369,1.002089238564896,-211.50433325044287,0.054943420194945365,-646.9598551731547,0
2021-09-23,46.9008774176249,2438.1650905931956,0.9104537255598077,-335.88712900532846,0.08597585885699038,-504.5563752229794,0
2021-09-24,42.4136326369578,2560.005697961548,1.1309079811947336,-496.0668004168838,0.035884943028254096,-517.6603431326514,0
2021-09-25,42.15338482037485,2465.4578579285735,0.8329176191828609,-481.6017114299466,0.03256887139125235,-503.0586408005156,0
2021-09-26,43.64099784779043,2508.6994283443923,0.816904009697394,-364.09328034445934,0.0439985854876874,-431.4560893432274,0
2021-09-27,41.37507029238609,2481.121846409077,0.864833833099844,-402.3161847917363,0.02028566813710673,-420.37383067171265,0
2021-09-28,38.702906825769276,2435.576033719141,0.8661968423835975,-537.9333809763775,-0.008645208713550534,-461.42196062666426,1
2021-09-29,40.52740588375143,2384.1484487213424,0.8875706403706464,-566.8531197126067,0.004113225878177261,-421.47204880995037,1
2021-09-30,47.587686567240404,2402.9963831876757,0.9138316555079345,-502.4941432042615,0.057292693288433054,-223.6076257357389,1
2021-10-01,58.016421847648715,2596.7815187635642,1.2422031621316483,-290.3021241080205,0.15987463319735165,197.35800301561483,1
2021-11-16,44.76890654797619,2782.444102371376,1.3181531761872376,971.9602317185272,0.23980453014005576,-554.9981044917627,0
2021-11-17,45.37352450929451,2748.569467826992,1.111951015091017,785.2978819452474,0.24105165140679405,-716.3944074241012,0
2021-11-18,37.95890404082984,2866.3650080714924,1.1671676157068498,459.3100973591645,0.16863813333256042,-1013.3865938206441,0
2021-11-19,41.49736426398323,2850.619907048529,1.0814439126966287,153.17002613919612,0.19051912878164934,-1083.716219981766,0
2021-11-20,45.94583774583888,2817.7293668129196,0.8576575148275741,-4.235691797635809,0.22012962773389463,-980.283057398906,0
2021-11-21,43.75049785542046,2715.4269901655684,0.7420271793853999,-60.178195305568806,0.19798273874859681,-933.5001945936189,0
2021-11-22,38.71932692667741,2777.6478859573135,0.9990343836574899,-217.7681741661363,0.14649694725667692,-1016.6465923894973,0
2021-11-23,42.455366887834806,2739.441173121077,1.0668154619536647,-184.64246145374636,0.1705536372080686,-937.0905367349476,0
2021-11-24,39.82267246067984,2675.112785755286,1.0366886528541213,-249.52520193594682,0.14271019868885115,-921.5018079623345,0
2021-11-25,42.771360415951385,2704.5720845406227,0.9651224279008094,-334.7405126443409,0.16101554151918054,-799.0339640246889,0
2021-11-26,35.74302147529025,2912.367995912721,1.1563102821953712,-523.9942547955434,0.08498568726154433,-914.065089662332,1
2021-11-27,39.35056268787801,2830.019723883241,0.8384215659702325,-561.2576541172821,0.10899175108277545,-853.9306128016891,1
2021-11-28,45.758770684078335,2900.5261275344383,0.7853872067527939,-551.8207730734721,0.1564020911058854,-609.392175355209,0
2021-11-29,47.138344199057755,2841.9422300319784,0.9170034789550673,-470.3320907960806,0.1657308141536403,-380.37840936127714,0
2021-11-30,45.355081218649524,2857.2407202975514,1.057897931909873,-462.4466717942778,0.14786658335717334,-258.97768691824126,0
2021-12-01,45.97162832882097,2830.9093518834406,1.0607151129038797,-300.77964544940187,0.15064048787933154,-145.35274289290737,0
2021-12-02,44.17294488064201,2732.565938356052,0.936833819896431,-223.7789424415896,0.13399168582498266,-104.53908954461713,0
2021-12-03,38.03605804037827,2893.4956592770486,1.1358932214036994,-358.1488246007357,0.07535906886552324,-247.03921511064914,0
2021-12-04,30.96174492811104,3474.679005042974,1.6661820920958283,-681.5886072144349,-0.012743837677859401,-593.277190188481,0
2021-12-05,31.486458781252292,3362.962814950619,1.0006486008612663,-954.333294186421,-0.009277499558441052,-756.340026801973,0
2021-12-06,35.308712252405996,3383.3572120970034,1.0269647011367482,-1177.583091473236,0.01492800786349718,-727.5905167565365,0
2021-12-07,35.68265943591408,3267.329743822217,0.9241168772876929,-1357.9810278370278,0.01710990177499606,-648.429866558593,0
2021-12-08,35.31713278307444,3205.762384888487,0.7955950507682851,-1426.0386039512596,0.013059168903293075,-560.3032939584787,0
2021-12-09,30.44536429588566,3222.4088216821665,0.837636701445989,-1430.059914825717,-0.0433439911384901,-638.2116098831448,1
2021-12-10,29.77575240840151,3205.9192406691545,0.8757633451349071,-1457.3337600776504,-0.051458917652909324,-661.2399918321216,1
2021-12-11,37.13444423456587,3156.629529282072,0.7293372774402198,-1448.0311493883273,-0.008822130766965752,-484.54775498913705,0
2021-12-12,39.504849291687435,3073.9428218333524,0.632497631233029,-1414.8436533338827,0.005893397930481422,-279.1163808803017,0
2021-12-13,33.32427715460738,3162.2435019702557,0.9345170745189733,-1507.0974867815748,-0.06101171451804776,-327.24553805469077,1
2021-12-14,33.11700329116676,3079.7191335259517,1.0092588283324504,-1489.5441846038666,-0.06292772333716755,-324.5181965392094,1
2021-12-15,40.418512217568825,3064.1194967562406,1.0612216314527902,-1366.290766825281,-0.01684335717736963,-135.5855525020379,0
2021-12-16,38.00958174432609,2980.6606264522234,0.8089852929921891,-1379.262973273304,-0.041203915272812836,-63.881934543233,0
2021-12-17,35.315798274993504,2938.2334165270645,0.9727712528749599,-1477.9660490763126,-0.06998432707611273,-84.07312216861601,1
2021-12-18,37.426254547012356,2850.8872238287026,0.7739070845200412,-1415.6420128380341,-0.05643321980283528,-25.962332239794705,1
2021-12-19,37.14016115030596,2760.588917662367,0.7539747049412903,-1356.4253530208516,-0.05873311323451375,27.92603288281407,1
2021-12-20,37.766321082018145,2693.5404347043404,0.9361232883587149,-1382.3084886867,-0.05472185517405748,96.3833575440899,1
2021-12-21,44.794897360638096,2687.0121558861733,0.8303279543024925,-1278.2498224636947,-0.01312839467225481,290.3372979851579,1
2021-12-22,43.99319727069655,2573.2152496621607,0.7595399193564926,-1132.9707240337448,-0.019152902273725923,401.2280849477297,1
2021-12-23,50.64932342476416,2622.7358679898634,0.8928889645629108,-934.1969027481027,0.024086645654867646,610.5838883965203,0
2021-12-24,50.7593941022457,2528.221252419159,0.8188492365000344,-736.182134503084,0.024592692366264202,734.0997409415909,0
2021-12-25,49.520124041002624,2414.769064746362,0.6596332511950262,-568.1129515323701,0.016514324763230486,768.2236114969105,0
2021-12-26,50.77261174188396,2354.662234228764,0.7483746823256642,-472.3868615212996,0.023920832764616096,792.0452907554729,0
2021-12-27,50.17546874005329,2290.5334585695664,0.883058005829534,-374.96360224595264,0.02030489650582547,771.3355605660365,0
2021-12-28,40.84056316141385,2360.1845284931683,1.2028294464835827,-485.5800725010122,-0.04078506922982012,538.0898417967637,0
2021-12-29,37.98694315482246,2328.617497440085,1.0803090832555806,-638.2037706382253,-0.06325167390918718,304.358351985745,0
2021-12-30,40.84047124517808,2292.262843605079,0.9668520506723107,-740.6951668877082,-0.048000329668070385,201.7026900999449,0
2021-12-31,38.56888874278822,2317.999370401145,1.312940958630586,-888.239290245052,-0.06497958456123357,83.69114265906728,0
2022-01-01,43.8910977628523,2262.3442814439204,0.8688447629052048,-969.2340423432906,-0.03675153412821566,105.77080529417185,0
2022-01-02,42.90057014005924,2173.9246006264975,0.9953287550228288,-940.7792453396323,-0.043235983266818406,104.36687470987476,0
2022-01-03,40.353618254002576,2138.2701090638907,1.180943947539284,-903.3602063067083,-0.06059104358146034,53.266571802835415,0
2022-01-04,38.78665000444641,2103.6852463628984,1.5014702849920345,-918.1519935593824,-0.0712608568228946,-5.584890918894416,0
2022-01-05,33.0459924018345,2248.4808872476915,1.2803877848527114,-989.4966764099954,-0.1173398740464242,-179.0281850720064,0
2022-01-06,32.14800974409983,2166.6736586942848,1.054512555258955,-1128.1784856684244,-0.12451280687571617,-292.2336195511341,0
2022-01-07,28.833406428502634,2160.731567001836,2.668556101231862,-1310.8897766716254,-0.15570983354128268,-437.3417719267452,0
2022-01-08,29.690726281715353,2117.583888108848,0.885458145807447,-1444.7441297923506,-0.15084800777759988,-480.3064685074087,0
2022-01-09,30.599374466503384,2061.0271148510733,0.6822146884531969,-1544.4001504377593,-0.14598205063720948,-455.799175439131,0
2022-01-10,30.3843405596751,2085.447611111711,1.0202821633884702,-1552.3743479696132,-0.146567581960472,-406.3507345911969,0
2023-03-03,42.73543934798948,776.4553403474056,0.9992259900919943,183.76180347369154,0.02696396822680078,-206.09290749406824,0
2023-03-04,42.66497818735824,735.7226207243766,0.4336342449921811,130.6918706168799,0.026264532355197167,-239.52995679377602,0
2023-03-05,43.54770141916693,705.0669312976354,0.5280385245785442,97.651411229941,0.0297290077527193,-245.49566779216667,0
2023-03-06,43.4971796410992,672.7749016067329,0.7012018922708023,46.10457279935508,0.02916309698583715,-238.9814534546759,0
2023-03-07,41.60096973160008,661.5878550633948,0.9383214333067259,-4.946479687874671,0.019329966547905645,-237.47549853927126,0
2023-03-08,37.40545846810326,654.3919870677953,0.9621604821809926,-30.030916146195523,-0.003648460025685374,-257.26200087307024,0
2023-03-09,28.921326238122216,721.3932848665243,1.3275216444208096,-106.90531649340119,-0.06520176618974077,-343.23063454927774,0
2023-03-10,28.033081205450145,722.889607152844,1.6580170635842288,-190.8803837387568,-0.07259497702358099,-390.13306175268497,1
2023-03-11,33.595407805362626,722.9592948115694,1.2521851226191736,-253.87910030782223,-0.051651937285064745,-369.5744981185951,1
2023-03-12,48.37796204518016,795.3353887089573,1.2140574375595172,-246.11208902124054,0.018553756331732323,-237.638281316772,1
2023-03-13,60.84269283706719,926.5713375065319,1.976488761594982,-139.2271786674646,0.11077001600210137,-10.228063994141849,1
2023-04-21,41.63471564751364,976.8536007572545,1.2303786977525948,336.9556962865536,0.14183898572594442,-363.76673475995074,1
2023-04-22,45.65468769863879,957.2620768192364,0.7760046236833377,259.91645635864916,0.16256607843136245,-396.04638443467115,1
2023-04-24,43.86565656947023,918.1848790558723,1.06027457167855,83.32421634645289,0.14691009247983988,-417.74998374083714,1
2023-04-25,49.862299315034534,935.6821365786672,1.0599147252573269,82.47265394070928,0.17740178549161753,-351.4278813903696,0
2023-04-26,50.69689694199738,1059.6540598587624,1.8066394485567943,124.17141322244788,0.1800500729339071,-288.11343702950427,0
2023-05-01,46.42201590951122,1042.1423758549768,1.0098034578814221,303.44399850163245,0.15462894359317608,-87.78105842597932,1
2023-05-08,43.10191199959844,1026.9503108999588,1.0509367198831658,159.46418375086432,0.124560408778596,-123.11318394171067,0
2023-05-09,42.871753668805056,985.4394907017474,0.7994040412654007,106.58576294200611,0.12174475694256101,-164.63220765201578,0
2023-05-10,42.616180167183145,1017.8379255176941,1.1709969908857223,27.400873954080453,0.11890465702296489,-185.47615131514928,0
2023-05-11,38.47309512355766,1005.1434475789302,0.9590783498669686,-48.33382637254908,0.0927311323029182,-229.1120939958575,0
2023-05-12,37.24359845508147,1017.4344011000782,1.0882540660603868,-111.14380499519393,0.08389244263654991,-257.0907325835325,0
2023-05-13,37.10720269089277,967.589756378644,0.5678762234411519,-142.47915823067524,0.08215261361761654,-262.0421662237758,0
2023-05-14,38.798861094006156,933.4491376194551,0.5814617275441684,-165.4461213882969,0.08712136625487844,-241.01607080306923,0
2023-05-15,41.812564539496194,929.6491992180655,0.8449749903392108,-175.7840185887544,0.096633768148754,-196.89009548404303,0
2023-05-16,40.53264431013023,893.2712151221323,0.7907494129661076,-167.48420107056882,0.08936158604200763,-166.8319828198642,0
2023-05-17,44.759030413865275,891.3077856937657,0.9767234829619246,-137.62942847956947,0.10281273168066438,-113.71677178198775,0
2023-05-18,39.97253746569302,902.7447853763539,0.9894832822296868,-130.3447113088041,0.07914800778195794,-107.94542776250546,0
2023-05-19,40.671002443721044,868.8636009298285,0.7304125733014729,-126.82177226237764,0.08060138711608408,-92.0498127509905,0
2023-05-20,43.59320542952194,829.079119390198,0.4685927228600992,-124.32317028640318,0.08924628594162427,-58.84670086700754,0
2023-05-21,40.24350097646946,809.7874747016125,0.5949874888157287,-130.5388976771319,0.07336757750009668,-55.66372241900444,0
2023-05-22,41.4989888780232,787.3740836514972,0.775099362916492,-146.89130916527938,0.07644962034971976,-41.13755360468855,0
2023-05-23,46.178234795844226,775.3119281228189,0.9788132900622276,-125.69880378134621,0.09046864530735742,-2.492049555926883,0
2023-05-24,38.3239375391444,799.8718183015461,1.1616325864077996,-142.54632311835303,0.05421053161449144,-31.501349305672647,1
2023-05-25,40.06617887730912,792.8042442264357,1.001749508909698,-162.57897343723744,0.059239452603737315,-35.44408108057428,1
2023-05-26,43.04503598337148,777.0839912906189,0.9301080457989518,-157.5576472730354,0.06823153109434607,-16.898147658933,1
2023-05-27,44.8550429409871,740.7024338770033,0.5847516852945606,-150.70926220840556,0.07339861457101102,8.809319769573165,0
2023-05-28,56.900695243857285,787.1306361447174,1.0963077658721074,-111.07674518552449,0.12066907941301691,105.8097647622102,0
2023-05-31,48.10271522360585,782.8966287925728,1.2140054270233616,18.38692209877263,0.08293114372764193,132.46766696749432,0
2023-06-01,44.47560721064638,775.1457814234604,1.1590434994191392,15.768577727249067,0.0663185035791848,85.93269516439088,0
2023-06-02,48.93298323243383,771.8651396699989,1.1495954832681512,-17.636332796366332,0.08250107670172872,81.9160164501767,0
2023-06-03,47.2733464958663,742.3782602739276,0.6538387381378158,-43.24886325042826,0.0747623817926007,66.0219831910533,0
2023-06-04,47.75394966933191,720.6937361025756,0.7445509618165156,-64.42668050041175,0.07568762879313924,57.303846300977426,0
2023-06-05,36.632099357483995,789.5595016041774,1.6533916011464236,-119.13781251510227,0.02156221294300813,-36.12036511067896,1
2023-06-06,50.21806625317186,867.3733318467362,1.6425370168593003,-98.04179842137455,0.0793407551795633,3.435542102497095,0
2023-06-07,44.073954975837964,890.0747623844693,1.4395838291367133,-129.63199443916528,0.04350752785601572,-27.08232498330065,0
2023-06-08,45.38156168062652,865.8443943123643,0.8754355660886748,-146.78023424057028,0.04941126679327146,-32.531668511862165,0
2023-06-09,45.18628492064635,834.7822668168384,0.7983859638791552,-166.07086843701836,0.04780539493795778,-34.037957372824025,0
2023-06-10,40.90317472009618,848.6698894995642,1.3840485587535036,-155.98406661105764,0.02267793889537141,-71.28938695227538,0
2023-06-11,41.743743799292254,826.2258348924524,0.7483162893708372,-200.7931320135649,0.02592851551482875,-83.00484258369647,0
2023-06-12,41.474645102409625,796.6898935608486,0.8199971772236379,-210.31097181205405,0.02418970085672982,-85.99055811184718,0
2023-06-13,41.64917045051387,786.0682103154309,1.0006988804014454,-225.18067022138712,0.024578228252327958,-79.71258792794526,0
2023-06-14,35.99339115126007,811.3239408286144,1.0078697647670305,-269.51473094799803,-0.006743695752415926,-119.48599587621328,1
2023-06-15,40.90935085905265,820.3822754122847,1.1066879113839723,-269.7237886804287,0.011002341222876008,-106.2639691695714,1
2023-06-16,48.053287535735365,848.7704276149786,1.1080894607747638,-243.9583490508012,0.04026992656169898,-41.172561385970084,1
2023-06-17,49.652328068966845,830.6369930531944,0.7617210614925457,-210.54132433312407,0.04701421502070329,16.87200161934362,1
2023-06-18,48.13291692727394,796.3082904243947,0.6699267458172296,-185.91286553574537,0.03970887022191257,44.59245946278668,1
2023-06-19,52.72973894963259,787.4133623137237,0.8996650373168599,-110.92202705885211,0.05940012093283426,95.73976266947568,1
2023-06-20,62.88826713135038,854.0393888895292,1.5228948276848961,1.3138857669873687,0.11634652670415721,220.0409050236741,1
2023-07-24,42.23892224961805,712.5812069620454,1.1754723724403442,80.9657225490846,0.08903622589974973,-190.74402303808577,0
2023-07-25,42.88725301003061,682.4487323576135,0.7905535343958856,55.64843931186624,0.08993416408256066,-201.01768246613833,0
2023-07-26,44.580518384675706,673.8195818320697,1.0707898526886497,31.74961877513124,0.09366143700524582,-190.5333525765417,0
2023-07-27,43.026904729978725,658.662128442279,0.8634214665539216,8.500093283950264,0.08733077568526913,-184.5034631086687,0
2023-07-28,44.59149158806415,639.876831321402,0.886136344515908,-21.84473267816793,0.09038031673966838,-165.02545850831774,0
2023-07-29,45.15437362398836,603.6483243966591,0.5148798472285326,-13.929176372163056,0.09078517426333468,-142.28707880453527,0
2023-07-30,44.108990354605304,587.9354418504691,0.706632706903426,-11.503798132078373,0.0868039404682675,-125.98509226528299,0
2023-07-31,43.5082263614036,571.532547566507,0.9510562595801151,-15.949191465137119,0.08420770514848798,-111.96100807562387,0
2023-08-01,50.64563567525652,603.4737216242565,1.470022830885912,2.913246190357313,0.09963452511888476,-68.52177177638738,0
2023-08-02,43.66283373014899,634.7604758832383,1.573990566477394,-3.7612775573034014,0.07936447194335085,-70.63116387139544,0
2023-08-03,44.08637374953168,619.1503526058642,1.083130969741825,-10.603512996232894,0.07949072153922007,-65.88674329143788,0
2023-08-04,42.73220447064739,604.6926265268739,1.0029943210997643,-18.078543736577558,0.07481265657526846,-65.3248345506467,0
2023-08-05,42.304512459203515,571.8337223999544,0.5542611808984708,-24.741517511614802,0.07284496227628154,-62.63037768394237,0
2023-08-06,42.30064006361849,545.0590480321005,0.6263684688608251,-48.629181653315754,0.07205798539481795,-56.57518539416279,0
2023-08-07,45.06763618149869,543.2791606726647,1.170926944595332,-45.59983568161624,0.07635224352579817,-39.73174480449882,0
2023-08-08,54.89044046499125,580.4008221871172,1.4762274888438094,-20.799351929395925,0.09685855188014965,11.556049673964225,0
2023-08-11,48.74381485721628,549.87440171218,0.8323077689118635,27.75111274968731,0.08056939278906451,34.47100501844159,0
2023-08-13,46.658076484923384,493.8029658736399,0.6267713222645087,15.561457669933588,0.07467316354273917,25.34788649780816,0
2023-08-14,49.20782850176656,496.8276424183799,1.1794017058878656,8.949213006406353,0.07842932116011021,27.16365248020037,0
2023-08-15,44.8306390287468,486.3590663974242,1.06765898677197,-1.568173410512827,0.0689568392783121,12.548470425241021,0
2023-08-16,37.71958282696051,488.7760806279653,1.2407997198661311,-28.798266487548972,0.0512443110275868,-26.33598654352845,0
2023-08-17,21.644393993077873,692.2089275473965,2.385980447327908,-135.56751339000039,-0.023144963194521705,-178.44176882163285,0
2023-08-18,19.010498055762916,724.1421068297252,1.7259686739275402,-257.04947058548714,-0.04524133665696108,-302.36846779227653,1
2023-08-19,19.807642401789163,704.3491717436734,0.7584091144467323,-376.8607964938965,-0.043117121458390015,-359.22297840697354,1
2023-08-20,21.4738116844778,672.350458583411,0.6507187542371335,-478.974634744136,-0.039313719922607314,-367.2565621944802,1
2023-08-21,21.142269171431007,651.0478030595959,0.9801733515535246,-561.2751852198598,-0.04131639444442433,-353.56761508903196,1
2023-08-22,20.656888525423422,648.457195474982,1.08184248130036,-564.0837870249634,-0.04428513761735305,-327.90084601269905,1
2023-08-23,28.321324060445924,672.2745665571261,1.2473723038754916,-526.9791685386917,-0.0293143896683695,-263.89654713750224,1
2023-08-24,26.467735041825197,669.9681243030457,0.9423768925829926,-503.71849648815623,-0.038828140239420474,-221.32686095701717,1
2023-08-25,25.696206197307788,655.0626165403281,0.8893881603814029,-489.530163905285,-0.04263223436245219,-184.05528169901686,1
2023-08-26,25.423425387084574,617.0942767428046,0.43455917562292024,-474.8692843158642,-0.04365380017610201,-146.8205581559307,1
2023-08-27,27.14903066456732,587.3214991629613,0.5101660504798171,-453.9709943671987,-0.0402785616244877,-103.54029180358646,1
2023-08-28,27.51496620572453,568.0827146245356,0.8320576699073872,-448.93253319103314,-0.03929393568318865,-62.637319609079896,1
2023-08-29,52.71396336081958,682.9845910352831,2.132308141748773,-369.95402086001195,0.02016100985009011,77.18781199449381,0
2023-08-30,47.95111188711956,683.5537720327628,1.1676568351859147,-306.44219038511073,0.00429222471654789,140.59605940688482,0
2023-08-31,36.63274576194042,756.3819624232798,1.392152325228887,-297.4440744631429,-0.0455201265144623,92.7512530529691,0
2023-09-01,35.762488201993165,756.8732340805454,1.1432991709024791,-297.11170879792553,-0.049856818340136194,56.28957449357972,0
2023-09-02,36.606896487207365,718.3245320926494,0.6651464121741261,-294.7681736489867,-0.04690085584807703,41.43407852877158,0
2023-09-03,37.90803055659497,686.309721764603,0.6001964873089328,-352.14299710882915,-0.042776866725106895,42.891646050388545,0
2023-09-04,36.64483065992639,667.6090273528456,0.7199778056620176,-396.56286425652434,-0.04810931196323071,37.940036671080975,0
2023-09-05,36.375420990570476,639.093148166928,0.7577367073289336,-386.95217288862113,-0.04883873300630934,37.10351251980569,0
2023-09-06,36.13946438234116,632.6333697264331,0.9292577877436271,-373.6398634125944,-0.04935423143948847,39.168492597975046,0
2023-09-07,43.34518833297822,644.6668120674021,0.8479475695371373,-344.4227517346517,-0.031076277367510622,75.63801470737371,0
2023-09-08,40.00549646271257,651.2281391072305,0.8266397422529561,-333.4223343872145,-0.04301571838510547,79.16123946147388,0
2023-09-09,39.906748512545335,612.6748735906426,0.42463898060316385,-317.0817832837929,-0.042971129671010515,82.38219072494758,0
2023-09-10,39.24328479138639,593.0458926645252,0.6252330139129394,-302.59841371874063,-0.04488543294757262,81.64444491216568,0
2023-09-11,33.00707920780428,618.8033568045591,1.1551201228575512,-313.891888916045,-0.06899689395054626,39.59682192061109,1
2023-09-12,42.810546842669225,668.8074976131621,1.466423187569954,-317.5373663114915,-0.04376140535131447,59.303296724432926,1
2023-09-13,47.667471356597964,663.5348359532934,1.0266288477215335,-292.43119814731836,-0.028859346098460557,98.95273019267802,1
2023-09-14,51.18665074011776,659.223195885201,1.0787362293889702,-255.70855924938223,-0.017161698085860773,143.46087561591617,1
2023-09-15,51.95790921299325,654.9784586791152,0.8779561287602311,-215.23109430332988,-0.014462483302228758,172.88926122097348,1
2023-09-16,51.44536446587393,628.2570620770356,0.5650433091816373,-151.66803361986604,-0.015802984942100713,183.94553966332364,1
2023-09-17,50.98838226053626,595.7332596518902,0.5256008967898862,-118.23619896810851,-0.016899015000052663,182.8909227185997,1
2023-09-18,53.839042576474895,624.5536518196124,1.279856275186252,-92.97371935171032,-0.00865820785944206,190.10552294894745,1
2023-09-19,59.15003146514165,637.5968340557114,1.1435834592876764,-62.996579009486595,0.008186243106597988,216.79995142977344,0
2023-09-20,57.907554949491605,628.8701907749463,1.1323255904674063,-40.00398951401803,0.005202636453709603,219.6076840983878,0
2023-09-21,49.86086105551442,638.4965108535216,1.158955970861602,-38.46063453307579,-0.015552807076112693,175.827463755419,1
2023-09-22,50.01903906013738,609.3571116407701,0.9150049998392117,-35.17273281119196,-0.014962438770769373,141.5198948960885,1
2023-09-23,50.016508618145245,573.9506047825008,0.6448111694089773,-40.651865838204685,-0.014822287783543586,113.85246614357943,1
2023-10-11,46.370586696332474,610.9706304401575,1.257880504107053,85.10552858515439,-0.005495315805515165,-29.70993200868088,1
2023-10-12,44.98608185255326,593.2669525962176,0.8704569065060996,34.23703665534413,-0.009710803655567458,-78.04275338528316,1
2023-10-13,46.54347130080901,579.9175274107735,1.35661233217463,-9.172841007613897,-0.005745937354524179,-99.72428196842202,1
2023-10-14,46.534495471640234,549.5244227742896,0.48811712925538914,-37.12569834554961,-0.005713569366533301,-110.11767603285881,1
2023-10-15,51.06742505969179,543.9352061921975,0.6576311256602138,-44.743011645725346,0.005261717558130791,-93.58326472484828,1
2023-10-16,65.46039572348774,670.6302640088262,2.3818116387703814,21.56638035508513,0.05500901622831582,6.941515174759644,1
2024-01-12,46.57496909839838,2174.579658823002,1.44250480366765,810.827680215778,0.23524468585138347,-23.81096080341183,0
2024-01-14,42.80299801336703,2021.910442429017,0.585047179884434,422.60991056730563,0.19955905880706115,-355.75379500626116,0
2024-01-15,45.9948975593597,1992.7957456483728,0.754994670915469,244.63271431956673,0.21743349457074088,-403.46454210671914,0
2024-01-16,48.76134820132129,1956.1872883699177,0.8155935238133976,109.0141519933095,0.23295327790932885,-377.22269565204135,0
2024-01-18,41.59893553051846,1913.4473422360513,0.8590123804426041,34.49418584138766,0.1742244184973069,-448.8131299994063,0
2024-01-19,43.313704191316816,1907.9656124334763,0.8628917168745293,26.166442033885687,0.1821965467935039,-453.6883377054828,0
2024-01-20,43.55003172001749,1802.4730910096564,0.3913924272059739,-8.051175790969864,0.1813792377127324,-432.2218261746857,0
2024-01-21,43.05913424086587,1699.3221112946808,0.3205545389248827,-70.839763259959,0.1758999430424806,-405.0413278037653,0
2024-01-22,35.6878805949621,1735.1626636129179,1.0900498446975004,-194.93566102427576,0.11689149270248411,-497.22275536718547,1
2024-01-23,37.596541171734124,1725.8979755869952,1.0483833106209013,-242.8404512782363,0.12503654433030031,-506.5831921445569,1
2024-01-24,38.93274102178306,1672.2615688486383,0.8133553387945522,-293.7616897084954,0.13009408572528705,-469.1945432713546,1
2024-01-25,38.38502393110155,1603.4440572344497,0.6900365495121015,-350.1544604552255,0.12464367053389667,-427.3132210691575,1
2024-01-26,48.61717039276266,1659.1762897534177,0.938569574690301,-325.7920919079552,0.17559742517959648,-254.52200604441686,1
2024-01-27,50.05529192236528,1595.260237806745,0.4249896690691121,-210.55759810763993,0.18195542451287156,-108.98108113551109,1
2024-01-28,49.63848875872248,1559.9034797491202,0.6589705149250955,-116.41639940733148,0.17748125375192178,-12.6397843716245,1
2024-01-29,55.550163328671715,1554.7343137848973,0.8392893920777867,14.077258412558876,0.21001063868474598,133.17402314765025,0
2024-02-01,54.180939053933066,1505.7618903896391,1.0125158366643594,188.09693157450238,0.19705450891474732,244.50090286495873,1
2024-04-13,41.94797101755037,3571.6890920892342,1.5438420336859315,718.6185200184627,0.28526890538381755,-618.856080137838,0
2024-04-14,46.25582348210144,3575.038308725718,1.4200678464146552,557.0927324687145,0.31962679118804777,-679.6435538870669,0
2024-04-15,42.18919597020204,3644.4340098881667,1.2475921869057207,254.39608119543846,0.26975400639816777,-837.9011444560562,0
2024-04-16,43.08780198040674,3572.6362681104406,1.2226408210310098,-0.6291021357537829,0.2739572105972815,-874.854468980347,0
2024-04-17,38.816389050427716,3654.432059227552,1.1833083574357648,-232.72897190493677,0.22063170826209366,-1018.245683030954,1
2024-04-18,44.08179271060105,3628.558842943441,1.001263912897932,-235.70896320278553,0.261844636186933,-914.0234805881985,0
2024-04-19,44.83814343208268,3785.819427822481,1.3276579958737493,-300.7853273909059,0.265038470305968,-779.5705961281778,0
2024-04-20,47.4986526077151,3677.5505177994464,0.6118102861306924,-227.49059028734337,0.28416460399276955,-579.1071747831588,0
2024-04-21,47.35375940004311,3518.1197330459145,0.5537196102636166,-174.85247890352184,0.27922509929578365,-424.23089189459535,0
2024-04-22,51.815626564927044,3458.6669842569204,0.7875285557452996,50.08245286720194,0.3127384242252864,-178.7952695532082,0
2024-04-24,45.849267343887185,3319.6864318975486,0.8602245081425403,172.2838724131725,0.2554014108827251,-79.81511486471425,0
2024-04-25,46.38743924541464,3260.5355595298665,0.9156861555648312,145.42041173030157,0.25615927189860316,-83.62436837152222,0
2024-04-26,44.69098928798823,3132.444291884876,0.6833474485923859,93.78336739773658,0.23902500275625319,-122.95129312639494,0
2024-04-27,43.89096342657236,3013.9585946966704,0.554198803403428,-43.95476710805815,0.22964706114192854,-157.29609174049006,0
2024-04-28,43.13428085766976,2907.8106035576225,0.506198129021368,-171.4092063881253,0.2209977309482268,-184.42753873388665,0
2024-04-29,45.5401498298568,2870.0685515177925,0.7890813992039541,-181.77658432388853,0.23219737518643746,-139.22042301441036,0
2024-04-30,37.93207020169164,3063.8683424808073,1.121818123209941,-325.4265834680482,0.16837140942540654,-301.6664434601478,0
2024-05-01,33.45591401930026,3146.821105964321,1.3981337798122542,-528.4023485771395,0.12109193505842868,-532.6409540066901,1
2024-05-02,36.40470087090436,3112.4120091097266,0.959990234641243,-676.1397871133304,0.1362656078560915,-585.6937382424494,1
2024-05-03,47.29971323431723,3209.53910890546,1.0024707082041113,-658.3850711971245,0.20614622472675012,-338.2340765838903,0
2024-05-04,49.76451242970173,3115.686706037213,0.6511646018381647,-630.5914777188082,0.2226147974759837,-91.06125941678283,0
2024-05-05,50.114850083310365,3011.3937939988405,0.6018062134834185,-472.7534847200368,0.22254676708070958,88.17277821624339,0
2024-05-06,47.87702059925496,2992.6273846060662,0.9664357152310938,-261.7459951231722,0.20348517626538024,150.84534572814164,0
2024-05-07,45.78192881128132,2929.1880401699186,0.897400551976331,-125.54486541246297,0.18551059387754826,139.51381795385282,0
2024-05-08,42.97387167341844,2870.600110961353,0.9186146148902072,-187.36249936687818,0.16180642585648494,61.66879472008259,1
2024-05-09,48.49713871975525,2862.474377589114,0.9366067761984785,-213.01540993092203,0.19481753295774157,138.09522986420632,0
2024-05-10,43.05340364486563,2889.2948461541773,1.0143538773214122,-331.65619655127375,0.15030290456788037,44.01695917526263,1
2024-05-11,43.05625074444752,2751.382881696736,0.5111947872126537,-411.5221606571067,0.1486025737986041,-7.991179519211528,1
2024-05-12,45.12803075107323,2639.5380106826833,0.5236538580938275,-430.14567886662553,0.15911523577317102,10.834789291668585,1
2024-05-13,49.51807290209072,2640.4867465267776,1.0511100744524662,-346.0808360679366,0.18432647223624232,123.99679939493399,1
2024-05-14,45.851370087996514,2592.4776485605794,1.0665082495144653,-391.2216611240947,0.1571036370908743,111.27316322726699,1
2024-05-15,57.6557447098955,2773.303742859824,1.485002031824925,-161.18493544275407,0.24269473271596956,407.00990225989153,1
2024-06-11,46.783723003455265,2013.9318605112749,1.4318744617975863,447.7307494020206,0.18207804387614832,-257.34810039018475,0
2024-06-12,50.3666931719281,2089.753691903327,1.3501349975193868,386.9805852097779,0.19568300942700087,-299.72652490574524,0
2024-06-13,45.03396107092975,2087.715481767375,1.1337477911250415,271.82938578978064,0.16769604309391312,-414.13634230370496,0
2024-06-14,42.595988548741495,2098.4325120875624,1.0485146398307847,118.54594173919759,0.15288507773886822,-519.5604238616604,0
2024-06-15,43.39262243533069,1986.4311942598795,0.5418636385387199,-16.349242250580573,0.15423518361716743,-553.5969318453882,0
2024-06-16,45.42395251030071,1907.1570910984594,0.5222409432191979,-42.88395333879453,0.1601775081856346,-522.7309740778074,0
2024-06-17,44.84854696253495,1920.4569752164266,1.1862439732578702,-109.86460712942062,0.15577548966337035,-489.6982253654337,0
2024-06-18,39.90910332905895,1961.1204836831103,1.5223769774709288,-168.91510660473432,0.13082793201796572,-532.5551845965372,0
2024-06-19,39.28605951899138,1892.6155049378879,0.8271421401390585,-203.49870536533126,0.12626434396608,-544.9085784431305,0
2024-06-20,38.81005563809648,1892.5082032458959,1.0084462630192053,-248.94360907649389,0.12259710003560995,-533.1385358392091,0
2024-06-21,36.1830889631048,1873.6613561390461,1.001318608067377,-338.9006305342773,0.10870105141549076,-543.9929645633049,0
2024-06-22,37.161046380581496,1778.8077548076858,0.38223309073003037,-413.36408619961,0.1101753595283725,-510.49566346398444,0
2024-06-23,33.38491490564245,1745.386218749994,0.4517058757563239,-474.0144835545361,0.0906621083728584,-528.1703303085776,0
2024-06-24,25.7511520345169,1955.7749263392802,1.7103740567932526,-639.0681435131846,0.040122705354399386,-692.6767857955447,0
2024-06-25,34.26574666686587,1960.2561257971888,1.165755846979539,-732.5954957283539,0.06577095376821197,-656.2609714583573,0
2024-06-26,31.71792871761823,1944.4484895795324,0.9033725948329715,-832.686726288026,0.04813392023517834,-655.1823518371948,0
2024-06-27,35.82302879715426,1927.5972581809945,0.8785981121902485,-903.8667505022167,0.0611583204220681,-560.7807152846462,0
2024-06-28,32.42440157086866,1942.818547775209,1.01023695364367,-980.6037468060385,0.038626300576039545,-544.1816480068453,0
2024-06-29,35.34136762905829,1860.949812219837,0.513178337576304,-918.2285079607027,0.04788881197251673,-457.7932438628054,0
2024-06-30,43.616657246968465,1889.4447475077056,0.7076885071921372,-847.9586706387199,0.07786676542493486,-253.05557456373958,0
2024-07-01,44.36039398506148,1846.0354686678695,1.0651614654888655,-734.6778159077876,0.07998477390540938,-87.50242184972171,0
2024-07-02,41.56288492478545,1817.7910267094503,0.8688652134238013,-689.2310449408178,0.0651459364284885,-18.592523327046138,0
2024-07-03,36.04480430025026,1885.6856966766325,1.2807888483587893,-667.9362919529522,0.03294858907766639,-79.6947944233309,0
2024-07-04,28.920486722269693,2009.6989393247302,1.7202732596322121,-795.0633307489188,-0.02170450908669525,-304.4889164952897,0
2024-07-05,28.32565857435548,2136.1331110693923,2.1326575606767757,-999.8027283175834,-0.026856038055642076,-435.55213895279326,0
2024-07-06,35.73430847320673,2157.3797415287213,0.7821259610061645,-1138.9650294129751,0.0013167669131521752,-375.14462659673313,0
2024-07-07,30.634343239527166,2187.40953677667,0.7942095188666444,-1336.6489988477551,-0.04044620982849653,-458.40982326372887,1
2024-07-08,34.163342091719564,2303.331456024765,1.5357727438319433,-1420.263713353721,-0.025489733814894645,-415.0534416053233,1
2024-07-09,39.2355168482373,2276.116374344425,1.0617199934321622,-1324.115197633968,-0.0030469871211000017,-265.06064239035186,1
2024-07-10,38.58082826272039,2269.323742694823,0.9968766932741487,-1229.8314215012651,-0.007555689490177603,-155.73752160615368,1
2024-07-11,37.574392270731266,2262.8759530380503,1.0881071156252702,-1219.1958755600353,-0.014247962174884585,-85.63194971058829,1
2024-07-12,39.92827056657448,2239.983306838904,0.9423723517620032,-1090.9781757831734,-0.004668602888808021,17.17583666187602,1
2024-07-13,45.268560725204914,2222.172836261125,0.6218606126089772,-949.1023465857943,0.018053035371931755,184.69839011790032,1
2024-07-14,50.77153164086544,2213.751729653188,0.841170742279097,-802.9192582392934,0.04432866295532974,397.83390671553457,1
2024-07-15,61.66345050559766,2353.1425101243885,1.4180357834971484,-491.9162971318801,0.11319535962669426,788.7156590977297,0
2024-07-16,62.1647263608281,2389.801694669075,1.4959582582803737,-168.6162707737676,0.11579070782783073,1022.6767208858898,1
2024-07-25,57.75348499975647,2345.8508124256455,1.2884140165145184,645.0013316244367,0.11469339182735924,547.2141847371643,1
2024-08-01,52.0912473624811,2396.6791590566145,1.2943190025370648,410.43039622853394,0.09792121832168854,-159.83196576715955,0
2024-08-02,40.40069451093675,2535.3683709097136,1.3065758111960826,126.068389268592,0.031368198172485935,-477.0948811949752,0
2024-08-03,38.65884494325688,2519.4023265590195,0.9497362724975017,-119.65273629095464,0.01883262964957456,-707.9042352664842,0
2024-08-04,33.27148531343867,2614.6009885012327,0.9589987927181256,-431.9816118285671,-0.02396764232365731,-987.4812203878017,0
2024-08-05,26.798165947493185,3081.2430495904305,2.9872495320697436,-831.8173513156871,-0.09241060140025058,-1380.4271223991927,1
2024-08-06,33.67913399211722,3081.6288697089713,1.3208717782471684,-1164.8121059209516,-0.05752582429516224,-1427.0337877179525,1
2024-08-07,32.07863009149341,3083.3964504440446,1.0944547705758163,-1369.6275319142442,-0.07377447655685616,-1445.4917087506187,1
2024-08-08,49.30011918379581,3427.9423513051847,1.1778427719165372,-1275.522806398003,0.038308806570095735,-951.3164592506891,0
2024-08-09,47.682962348624116,3337.661033801243,0.8531574876754018,-1117.14400149024,0.02409512425188893,-639.0128234437157,0
2024-08-10,47.8288401456876,3183.3241965654397,0.40757098191528024,-800.6146105004227,0.024943280383108214,-398.4548974730376,0
2024-08-11,43.411466282548254,3200.9321780607656,0.6046877178423133,-663.9172544513858,-0.012374706243476684,-360.83990763874215,0
2024-08-12,44.972613302186296,3185.9679934671394,0.9831920984885822,-468.1928645709413,-0.00167704842544236,-268.96976064445835,0
2024-08-13,48.02447688301389,3177.409174737344,0.8011470826688706,-492.9919801760043,0.019235405431206814,-107.72828265582598,0
2024-08-14,44.09550727920513,3180.0858631489623,0.8003094169704338,-557.6920495808663,-0.012129497959493349,-110.79322988117065,0
2024-08-15,41.781069917717915,3215.5836363168937,0.9465425559334064,-668.5949042541688,-0.03162007434187488,-172.06781794476456,1
2024-08-16,45.285798062871095,3181.4233654192585,0.7841498783524109,-635.5276102147909,-0.009086501915194401,-105.96516757442168,1
2024-08-17,46.79797241502669,3017.0242634250258,0.3652395459526249,-605.72429094166,0.0007465798812069096,-11.057030529689655,1
2024-08-18,44.54253566654543,2931.330845055381,0.492035388484012,-665.327321198849,-0.015838011743872563,-3.86814427935451,1
2024-08-19,47.31672352289752,2846.803586033568,0.7241383156919641,-609.5817951224235,0.0011380991846225614,75.89423579904724,1
2024-08-20,46.1333751665401,2842.420852209742,0.8831013612406927,-528.7081830587995,-0.006881625314409795,101.69222972386206,1
2024-08-21,51.9548112172358,2854.4555234804748,0.9249763632241312,-418.520178331004,0.029206889272987112,260.75606602535595,1
2024-08-22,49.827394534573195,2764.3412338568696,0.7981045774836745,-366.6981554062586,0.01570055274108751,305.79132221888085,1
2024-08-23,58.410258854303166,2893.674839920665,1.209866745098159,-132.30251695895276,0.0773108224231763,563.8423351204148,0
2024-08-27,45.70132134931621,2746.737601129877,1.3520995807443885,272.6757205012327,-0.00195414130960926,390.48663828768395,0
2024-08-28,44.61427888578221,2718.097303727743,1.4052662213871792,63.28724249138031,-0.009848475866896727,151.6196305111498,0
2024-08-29,45.66736604203484,2695.2228869436185,1.1263388911855041,-127.06961015534034,-0.0037627236864013047,18.406541562014922,0
2024-08-30,44.980959410932705,2654.732357072646,1.0969851717985575,-326.5596805904206,-0.00818860424003323,-81.80118343999374,0
2024-08-31,44.579271716815036,2512.5235168353142,0.42889023721496644,-467.1166232633477,-0.010592665151377991,-148.2800105640655,0
2024-09-01,40.31670142302103,2464.7894151863634,0.8691260114728148,-534.2353647530181,-0.037817307030120165,-285.19201586283316,0
2024-09-02,46.32321256341269,2450.6646690123375,0.9610895205135426,-509.9572928509442,-0.007746199862367076,-239.43892768081747,0
2024-09-03,42.03632571242781,2446.3236658685987,0.9535387675330304,-566.7101931313009,-0.03562573330315029,-302.39594666299206,0
2024-09-04,43.83565725734846,2474.3295647351274,1.2740739647640433,-589.5034208516445,-0.026292237251528874,-287.69971826488825,0
2024-09-05,39.420149867300964,2482.458089129047,1.1063452690375022,-676.5585869456991,-0.05617861251579326,-374.5180878845945,0
2024-09-06,34.8087897381815,2617.811808209115,1.6544253597665581,-782.4478335360618,-0.09250563825774805,-545.1297668849478,1
2024-09-07,35.51014208053014,2509.25912324775,0.637461021975984,-946.775093740529,-0.08848398661114094,-604.7426050209938,1
2024-09-08,38.14458888090164,2447.6764403371963,0.6188433113613028,-1011.1939932507084,-0.07596198433415259,-557.6728497215281,1
2024-09-09,45.57436390145826,2518.7489379023964,1.1667596908942703,-1008.8728133683326,-0.03888939234792166,-350.7323313505956,1
2024-09-10,47.53489418406186,2453.8784780522255,0.9790009307385605,-910.9475008342779,-0.028010572260209227,-152.47703889768218,0
2024-09-11,46.65595951599595,2451.742905959209,1.2371222417558356,-742.1096392819527,-0.03284299710527812,-29.3621394703448,1
2024-09-12,49.24857199519281,2362.63682785498,1.1464664409041627,-556.6416448493255,-0.01943120133565042,109.7908699184768,1
2024-09-13,56.369714355428414,2408.0134941689103,1.0806389298944683,-310.1170950513115,0.021580907713958233,357.4173796572777,0
2024-09-14,54.46340832940398,2317.358233424702,0.5485996879344074,-180.87383887283067,0.011910712123840522,467.11627798318955,0
2024-09-15,51.72738282320022,2272.2333149657948,0.6149365440529424,-113.61898244644544,-0.0019366643995262867,467.2055188663095,1
2024-09-16,48.56318358980175,2231.657497825381,1.1002373776143533,-75.85604440933821,-0.018455598242089193,386.7999062315872,1
2024-09-17,54.90993930528704,2335.683357355711,1.3127802673155327,12.668794342011097,0.017061486676294108,457.5156769973638,1
2024-09-18,58.41243878433204,2343.5497246874456,1.3922502781308632,54.46134775016981,0.039268570147166885,568.7498854395483,1
2024-10-01,45.94549163713359,2137.8857374927074,1.681967554260242,622.4845643614026,0.01600636280287461,-95.66842194197261,0
2024-10-02,45.312502428090596,2153.803776332514,1.3495450381431418,395.8036439452626,0.012468855763884885,-319.686927857922,1
2024-10-03,45.810971473253566,2113.5488190944775,1.188275558342849,179.17424246702285,0.014435955992829838,-446.55679415440295,1
2024-10-04,50.80024683581659,2105.8703878198717,0.9530346716756769,32.23297315459786,0.035901589097217045,-429.46942628717204,0
2024-10-09,44.45836324504467,1940.5229562830216,0.9759125955289993,105.42704666060308,0.009427954408780564,-374.80759179076904,1
2024-10-10,43.315716537593964,1969.165289762806,1.0830463510797306,30.098565664113266,0.0042596567683533745,-430.58295552168784,1
2024-10-11,52.57789675826315,2068.1353471904627,1.0488861351013345,14.25692460864957,0.04000646923345459,-308.86743527960795,1
2024-12-23,44.163327705373455,4184.3649080006435,0.8433335763598319,862.7223066491133,0.2697735053721588,-1378.8038923589197,0
2024-12-29,43.12287798593272,3857.0961536615337,0.4699372487752853,500.7004850105732,0.23355629322276586,-1057.6202310905123,1
2024-12-30,41.573469800033266,3837.7455355428524,0.9267099245114203,220.04617677486385,0.21916621979671935,-1085.9005335623447,1
2024-12-31,43.510332215251154,3861.947305325506,0.7451756075702083,118.62034631310962,0.22670831278858378,-1001.3902208392569,1
2025-01-01,45.94247863367259,3739.0755111951125,0.43656350727379606,123.96458518318832,0.2367641657578138,-835.2780341405214,1
2025-01-08,46.277110685738094,3736.1482904853106,1.3840520495314428,809.0516506575659,0.2215779207118146,53.61458241351724,0
2025-01-09,41.87031796043518,3764.200198307788,1.4264803551848748,551.7481545533374,0.18645383274058885,-257.42351264086255,0
2025-01-10,46.61347033835327,3746.7941573572316,1.393851685646546,388.4047832963406,0.21230817019417603,-297.660523231795,0
2025-01-11,46.36567975997541,3560.4260479031436,0.4354978173868626,78.60490208862757,0.2080505077386486,-315.49353668477767,0
2025-01-12,46.21235978054058,3424.32641948149,0.5082638440986827,-19.939040150144137,0.20457041297502793,-314.0115881798433,0
2025-01-13,46.28110445996518,3649.510135054241,1.7218394257578653,-39.82378367368074,0.20247650513874108,-293.0052577695012,1
2025-01-14,51.1144865421889,3605.295683443224,1.2392813635132207,120.5617691174557,0.22536254879984852,-133.2335377698406,1
2025-01-27,53.6775924130985,4251.879546202371,1.4507244875304224,1242.5320844606904,0.24881207363963548,117.54014377939552,0
2025-02-02,42.95853912734809,4070.7034583209484,1.052636929310859,649.5564841389278,0.17823288346037394,-647.029725521704,0
2025-02-03,50.97526071273212,4585.030443440881,1.8312230515420678,533.9743058393651,0.22034863146909073,-582.8963143307158,0
2025-02-04,44.56243301792577,4653.064541230818,1.1446234607753873,243.8778869829257,0.17574367037120983,-749.1378097035663,0
2025-02-05,42.51450974284173,4530.587274892901,0.7732783847315712,7.271768865946797,0.15879835955863786,-904.0244637129273,0
2025-02-06,42.47744920585949,4454.2065990076935,0.7283346927424253,-152.3314132464584,0.15670807536644207,-962.8487983356624,0
2025-02-07,42.36215613961055,4457.495971400001,0.8923624268513107,-191.8435391975654,0.15414833217481178,-958.8692666883594,0
2025-02-08,42.27241963495089,4223.054294871429,0.3757050551777081,-377.3778611898015,0.1518304640312185,-912.4268501110037,0
2025-02-09,42.32219413031643,4105.694947916328,0.505886555102043,-416.3719279078505,0.15030083354522716,-835.6227221385444,0
2025-02-10,45.034493608420796,4027.6006659223044,0.765045987910855,-367.80403367616236,0.15961238474175216,-683.2093242802273,0
2025-02-11,41.266764600582285,3998.333430856426,0.7269750899834259,-386.5516083359107,0.1379185904873287,-657.5244867816725,0
2025-02-12,47.27704770172535,4002.0110652595386,1.0104539814381963,-318.18592026391707,0.16144535768558294,-466.78905013695453,0
2025-02-13,44.39007138039803,3919.1084891695714,0.7728079933849871,-300.16239152807975,0.14480297125410596,-398.54483566316753,0
2025-02-14,46.84186404517771,3816.076744407459,0.6740688371702994,-248.82759186031763,0.15350731958556754,-272.7223492674178,0
2025-02-15,47.04464470004015,3595.9886733783546,0.35343154271225524,-233.46976963050838,0.15258158177709588,-168.71478038574082,0
2025-02-16,43.524526965677516,3458.033567244186,0.3706954815225183,-207.5454036646115,0.13444750379228737,-177.6878362795835,0
2025-02-17,42.54470327265459,3338.79456244103,0.626728176398468,-282.2485863640468,0.12825362271300766,-192.5475957436372,0
2025-02-18,41.952566179880776,3336.490598159528,0.8657737451767092,-313.7023795458517,0.12409522103010755,-199.169797186933,0
2025-02-19,45.76305533449423,3229.857341148133,0.68267928389171,-335.6497127009061,0.1354435081345908,-114.95675045680582,0
2025-02-20,51.117584948516885,3165.190633744695,0.7582780070744615,-292.93458916360396,0.15361464586049375,60.472677865023456,0
2025-02-21,44.908926629724185,3270.891860798645,1.1575777506773348,-283.3875219414913,0.12627551210002733,34.422973214649915,0
2025-02-22,46.34600143926683,3121.8861921701705,0.4518563495550047,-240.7301681398676,0.1300944260066114,53.17053902899022,0
2025-02-23,45.48743801887113,2998.995883800873,0.47619396251732804,-202.490749781442,0.12512248496744913,50.643056011505905,0
2025-02-24,34.490698044798606,3151.3326733508106,1.285996262573684,-399.1553282213863,0.06764851854417551,-255.6946677475396,0
2025-02-25,30.154476958121563,3390.7263216828956,2.53118825675189,-759.8851437813428,0.035951704603605084,-597.0896083492703,0
2025-02-26,24.68496962794068,3659.5566960269744,1.7287646729756272,-1191.9886062801233,-0.015139640662900812,-1050.1465834570936,0
2025-02-27,25.8635196951644,3673.5755257750475,1.415116798030784,-1610.8726315240347,-0.01086087592776946,-1244.1465984013703,0
2025-02-28,25.465591693981764,3895.99200607683,2.076232053020506,-2014.403668032901,-0.014584287575875472,-1306.7027421499893,1
2025-03-01,31.17698637114791,3812.569027964199,0.7235571146071732,-2146.633242325741,0.0047426445882746224,-1153.6097494263736,1
2025-03-02,51.14519300793622,4254.758851859614,1.4154018467300784,-1846.2876372345345,0.09959833054413877,-452.261808676255,0
2025-03-03,39.00720108746511,4618.593599048213,1.6338283004839076,-1706.486222539068,0.004089492215690095,-489.56665737634967,0
2025-03-04,41.133639357571205,4815.982002687626,1.5537597500268705,-1540.8213216551812,0.017404139728925627,-390.7672358116638,1
2025-03-05,46.98742577820483,4801.873913209938,1.1349695888499838,-1235.2771644334134,0.05647938799452943,-67.68820202444522,0
2025-03-06,46.028298769874525,4812.654124766372,1.0553311010153776,-1032.724628573269,0.04825515273178095,119.87875492200783,0
2025-03-07,41.582333944318385,4931.276486390202,1.3827639403949625,-1286.5660034331377,0.01063790941825679,49.20784315984429,0
2025-03-08,40.806862767940984,4693.31254093376,0.3810830536797283,-1232.6253023181052,0.0037484026717942947,-11.826252687761098,0
2025-03-09,34.30125948303452,4816.55081925992,0.6443698403582457,-1443.9402414428914,-0.06038368369133427,-380.4788303959258,0
2025-03-10,32.239111830951806,4939.321184848497,1.1080459821740578,-1861.4940555039502,-0.08373332803939458,-699.3745007399275,1
2025-03-11,40.324990723590936,5083.191658252176,1.0924142026417016,-2066.90666607242,-0.03289130429172099,-560.3872663687221,0
2025-03-12,41.81038805374275,4986.058548734163,0.798929357872613,-2104.2951301480207,-0.022630024519857992,-361.867884595762,0
2025-03-13,38.61455342708286,4942.043205967437,0.633329694230234,-2221.2988750441727,-0.053126701207378405,-359.98729167911233,1
2025-03-14,43.681229299200155,4908.0205885769055,0.5898584379012384,-2002.10823288557,-0.019038515741421073,-125.9321164966841,0
2025-03-15,44.31901232816627,4631.238984035698,0.27304297733623883,-1695.7075423802453,-0.014525361011296057,80.30707170090045,0
2025-03-16,41.909167603814545,4517.128721783149,0.43657575752209393,-1640.2885578751448,-0.034792001308957536,121.71153381052818,1
2025-03-17,44.65839576667879,4353.988947012924,0.5514194682996182,-1562.1075114878768,-0.01713719996297979,265.3615769195544,0
2025-03-18,42.68475147623654,4249.827348119144,0.5541715115536585,-1436.0720453511021,-0.03268535791467919,282.8782233480315,1
2025-03-19,49.94439256427196,4264.229747360633,0.8201081204607993,-1266.6133376902726,0.015519632045937539,570.3188551249923,0
2025-03-20,45.878466762175755,4230.789787727731,0.7281776594785297,-1223.8408170945913,-0.015742060091810887,575.1621623089782,0
2025-03-21,45.69366837127341,4043.6764546757504,0.4835310788743902,-1118.4527580908762,-0.017023429447418855,564.883794300692,0
2025-03-22,45.359115506959995,3814.777690056054,0.26707508645013994,-1084.129243067713,-0.019298297008146465,538.839105476507,0
2025-03-23,49.55256569063866,3706.5697970163355,0.3698141238199773,-910.7957433395641,0.006627106168637353,658.2955146878712,0
2025-03-24,52.12505372925964,3671.6384722294542,1.0679913471526954,-849.7964004634996,0.023285176319266323,811.5779416387822,0
2025-03-25,52.071188232842914,3566.2586036773505,0.9569311360917562,-686.8825097590307,0.02273322694483495,882.2531460640496,0
2025-03-26,50.883288138919255,3485.1474980575395,0.8812043623594547,-547.8816025135893,0.015896771749441516,860.7441190536631,0
2025-03-27,51.460343587980795,3375.4076098034293,0.8648849108950738,-395.2345911404991,0.018931939992776755,834.6775845956874,0
2025-03-28,45.56620753326482,3415.1798341031845,1.1781638909102894,-446.44996256637387,-0.013936523550598951,607.3728180234205,0
2025-03-29,42.32096935347259,3380.752368274386,0.5989786991602676,-621.1510669755371,-0.034127362749946634,332.6493858823926,1
2025-03-30,41.84010368017414,3277.2521991119297,0.5599612481363984,-798.2502285647352,-0.036846996378379425,137.09599709624626,1
2025-03-31,42.41437062377927,3227.179497389649,1.156433715839936,-937.6117392092419,-0.034008983304706336,31.573562994031363,1
2025-04-01,49.03750806466674,3215.095805611817,1.151348895026873,-979.5849920833862,-0.0033134220599523004,141.47730828655153,0
2025-04-02,43.5173893240326,3422.832823960973,1.8822619226267452,-1014.402737491866,-0.03438288533893033,41.85127781505685,0
2025-04-03,45.04935786399255,3366.0015731423323,1.43708617813457,-954.8088188647525,-0.02689565005404714,26.65840195992132,0
2025-04-04,46.91126896747055,3341.6727777393085,1.6590489834507742,-858.1778357720177,-0.01804106611073971,73.02668339754177,0
2025-04-05,46.14096390550111,3233.6448114722148,0.5351690041978517,-787.0382025064464,-0.021797200576975678,86.46108130024072,0
2025-04-06,36.16184037085499,3474.597079402771,1.323102741309379,-1028.9068024081644,-0.08300532861057446,-237.62885459800827,0
2025-04-07,38.90757798802385,3703.724631766859,2.9640325099466582,-1116.023202313736,-0.07037967301325036,-352.9778233509644,0
2025-04-08,34.296164438580334,3769.5919571763693,1.5357913226444,-1340.1350375171169,-0.10421004076722452,-584.9052363896801,1
2025-04-09,48.323324832110934,4139.715969163772,2.4610686052127733,-1337.3788228105695,-0.029903580808949608,-285.1155387555855,0
2025-04-10,43.631075324813786,4147.221748152074,1.2595663703497786,-1437.0367611317342,-0.06393402521371858,-257.42291706862807,1
2025-04-11,50.29393105412866,4230.359926855497,1.1230550969758375,-1177.1391798128461,-0.019322178117623358,28.129568966619672,1
2025-04-12,53.25777647633001,4148.6779677943905,0.6438674971164524,-893.65241050646,0.0027816430770631322,339.24516257564915,1
2025-04-13,50.49771748269728,4065.7852334876484,0.7702557423641802,-567.9004164669896,-0.015898561070669417,426.93414824668866,1
2025-04-14,51.93339067856848,3925.3736766313878,0.9068982836303144,-468.43618444867025,-0.005758184241171039,525.9763293556089,1
2025-04-15,50.332058065878925,3847.170646157717,0.7446180287333052,-291.522939470291,-0.015872623841172905,515.2873019187996,1
2025-04-16,51.01164359093528,3738.6344616107367,0.7811108814122719,-255.42277517732873,-0.011466997203409832,514.2304892490637,1
2025-04-17,52.65939083085816,3592.969165245684,0.5708622539381659,-260.7536222291965,-0.0013150336576115576,549.8122042444876,1
2025-04-18,51.69273836732124,3393.197372192421,0.3434586508179676,-220.49551449470164,-0.006484476426259474,521.8411351004028,1
2025-04-19,52.97272671443838,3239.7005732858192,0.41147736489904957,-191.41633990668925,0.0007153288435789085,521.8039897554083,1
2025-04-20,53.21438506911519,3103.260465372546,0.40322220813758325,-124.87795402800839,0.001999745842188613,506.0694185367293,1
2025-04-21,58.11519051890763,3118.4745615959355,1.1179639555442091,16.687419169174973,0.029278927214908747,622.7176162165918,1
2025-06-05,42.51902830632548,2823.36790132811,1.1139986623300433,828.1902078990679,0.11205283279177983,-1056.4183316353337,1
2025-06-20,43.75680747298159,2836.1064619705394,1.0639216918879866,362.2361496499507,0.10610708567097311,-536.7707940902836,0
2025-06-21,41.01995795648133,2850.864482544072,0.8001986791282695,170.01702368327824,0.09380929968266959,-632.1136518024897,0
2025-06-22,37.935137976882956,3009.0477114694954,1.3395495587614223,21.625118342752103,0.07936016884349675,-743.7127586617273,1
2025-06-23,51.987557541286385,3252.052116007389,1.3079802679902015,48.010223995981505,0.12698515590476186,-483.9268399916351,1
2025-08-01,41.99257550321757,2787.7141150018892,1.2045635827882057,791.0393107478885,0.12935918315936468,-867.2414707412579,0
2025-08-02,39.887926638577206,2732.57995946604,0.7465030385767578,548.3490436597349,0.12010071094676379,-1038.7706171245816,1
2025-08-03,46.090491186510754,2737.654047182751,0.6920738991728679,381.5715689083736,0.13538367826134112,-999.3270434756421,0
2025-08-05,46.082699175440894,2639.1833684892085,0.9273988160441241,184.86435244098539,0.13150648594348735,-830.8707058258591,0
